<?xml version="1.0" encoding="utf-8"?>
<!DOCTYPE install PUBLIC "-//Joomla! 2.5//DTD template 1.0//EN" "http://www.joomla.org/xml/dtd/2.5/template-install.dtd">
<extension version="3.0" type="template" client="site">
	<name>bt_metro</name>
	<version>1.0</version>
	<creationDate>12/12/2012</creationDate>
	<author>Tam Pham</author>
	<authorEmail>tampt@vsmarttech.com</authorEmail>
	<copyright>Copyright (C) 2005 - 2012 Open Source Matters, Inc. All rights reserved.</copyright>
	<description>BT Metro Template</description>
	<files>
		<filename>component.php</filename>
		<filename>favicon.ico</filename>
		<filename>index.php</filename>
		<filename>templateDetails.xml</filename>
		<filename>template_preview.png</filename>
		<filename>template_thumbnail.png</filename>
		<filename>header_var.php</filename>
		<folder>css</folder>
		<folder>html</folder>
		<folder>images</folder>
		<folder>img</folder>
		<folder>js</folder>
		<folder>language</folder>
		<folder>less</folder>
		<folder>blocks</folder>
	</files>
	<positions>
		<position>debug</position>
		<position>topnav</position>
		<position>pagenav</position>
		<position>sidebar-1</position>
		<position>sidebar-2</position>
		<position>sidebar-3</position>
		<position>sidebar-4</position>
		<position>sidebar-r</position>
		<position>position-0</position>
		<position>position-1</position>
		<position>position-2</position>
		<position>position-3</position>
		<position>position-4</position>
		<position>position-5</position>
		<position>position-6</position>
		<position>position-7</position>
		<position>position-8</position>
		<position>position-9</position>
		<position>position-10</position>
		<position>position-11</position>
		<position>position-12</position>
		<position>position-13</position>
		<position>position-14</position>
		<position>footer</position>
			<position>home1-sidebar-r</position>
			<position>home1-sidebar-1</position>
			<position>home1-sidebar-2</position>
			<position>home1-sidebar-3</position>
			<position>home1-sidebar-4</position>
			<position>home1-sidebar-5</position>
			<position>home2-sidebar-1</position>
			<position>home2-sidebar-2</position>
			<position>home3-sidebar-1</position>
			<position>home4-sidebar-1</position>
			<position>home4-sidebar-2</position>
			<position>home5-sidebar-1</position>
			<position>home5-sidebar-2</position>
			<position>home5-sidebar-3</position>
			<position>home6-sidebar-r</position>
			<position>home6-sidebar-1</position>
			<position>home6-sidebar-2</position>
			<position>home6-sidebar-3</position>
			<position>home6-sidebar-4</position>
			<position>home6-sidebar-5</position>
			<position>sidebar-right</position>
			<position>sidebar-left</position>
	</positions>
	<languages folder="language">
		<language tag="en-GB">en-GB/en-GB.tpl_bt_metro.ini</language>
		<language tag="en-GB">en-GB/en-GB.tpl_bt_metro.sys.ini</language>
	</languages>
	<config>
		<fields name="params">
			<fieldset name="advanced">
				<field name="templateColor" class="" type="color" default="#08C"
					label="TPL_BT_METRO_COLOR_LABEL"
					description="TPL_BT_METRO_COLOR_DESC" />

				<field name="templateBackgroundColor" class="" type="color" default="#F4F6F7"
					label="TPL_BT_METRO_BACKGROUND_COLOR_LABEL"
					description="TPL_BT_METRO_BACKGROUND_COLOR_DESC" />

				<field name="logoFile" class="" type="media" default=""
					label="TPL_BT_METRO_LOGO_LABEL"
					description="TPL_BT_METRO_LOGO_DESC" />
					
				<field name="sitetitle"  type="text" default=""
					label="JGLOBAL_TITLE"
					description="JFIELD_ALT_PAGE_TITLE_LABEL"
					filter="string" />

				<field name="sitedescription"  type="text" default=""
					label="JGLOBAL_DESCRIPTION"
					description="JGLOBAL_SUBHEADING_DESC"
					filter="string" />

				<field name="googleFont"
					type="radio"
					class="btn-group"
					default="1"
					label="TPL_BT_METRO_FONT_LABEL"
					description="TPL_BT_METRO_FONT_DESC"
				>
					<option value="0">JNO</option>
					<option value="1">JYES</option>
				</field>

				<field name="googleFontName" class="" type="text" default="Open+Sans"
					label="TPL_BT_METRO_FONT_NAME_LABEL"
					description="TPL_BT_METRO_FONT_NAME_DESC" />

				<field name="fluidContainer"
					type="radio"
					class="btn-group"
					default="0"
					label="TPL_BT_METRO_FLUID_LABEL"
					description="TPL_BT_METRO_FLUID_DESC"
				>
					<option value="0">TPL_BT_METRO_STATIC</option>
					<option value="1">TPL_BT_METRO_FLUID</option>
				</field>
			</fieldset>
		</fields>
	</config>
</extension>
